{"cameraMode":{"drawMode":0,"name":"Shaded","section":"Shading Mode"},"sceneLighting":false,"audioPlay":false,"sceneViewState":{"m_AlwaysRefresh":false,"showFog":true,"showSkybox":true,"showFlares":true,"showImageEffects":true,"showParticleSystems":true,"showVisualEffectGraphs":true,"m_FxEnabled":true},"in2DMode":false,"pivot":{"x":25.489456176757814,"y":19.405481338500978,"z":0.3764409124851227},"rotation":{"x":0.04938744008541107,"y":-0.6880933046340942,"z":0.04639986529946327,"w":0.7225803136825562},"size":12.12435531616211,"orthographic":false}